{
    "0": {
        "precision": 0.16546762589928057,
        "recall": 0.10176991150442478,
        "f1-score": 0.12602739726027398,
        "support": 226.0
    },
    "1": {
        "precision": 0.14613180515759314,
        "recall": 0.21428571428571427,
        "f1-score": 0.1737649063032368,
        "support": 238.0
    },
    "2": {
        "precision": 0.0859375,
        "recall": 0.04888888888888889,
        "f1-score": 0.06232294617563739,
        "support": 225.0
    },
    "3": {
        "precision": 0.1595744680851064,
        "recall": 0.06818181818181818,
        "f1-score": 0.09554140127388536,
        "support": 220.0
    },
    "4": {
        "precision": 0.14814814814814814,
        "recall": 0.05357142857142857,
        "f1-score": 0.07868852459016394,
        "support": 224.0
    },
    "5": {
        "precision": 0.1393188854489164,
        "recall": 0.19313304721030042,
        "f1-score": 0.1618705035971223,
        "support": 233.0
    },
    "6": {
        "precision": 0.1419753086419753,
        "recall": 0.2948717948717949,
        "f1-score": 0.19166666666666668,
        "support": 234.0
    },
    "accuracy": 0.14125,
    "macro avg": {
        "precision": 0.14093624876871713,
        "recall": 0.13924322907348144,
        "f1-score": 0.12712604940956948,
        "support": 1600.0
    },
    "weighted avg": {
        "precision": 0.14092880079779557,
        "recall": 0.14125,
        "f1-score": 0.12817004218568231,
        "support": 1600.0
    }
}